{"cameraMode":{"drawMode":0,"name":"Shaded","section":"Shading Mode"},"sceneLighting":false,"audioPlay":false,"sceneViewState":{"m_AlwaysRefresh":false,"showFog":true,"showSkybox":false,"showFlares":true,"showImageEffects":true,"showParticleSystems":true,"showVisualEffectGraphs":true,"m_FxEnabled":true},"in2DMode":false,"pivot":{"x":1.0299527275492437e-7,"y":-8.846127457218245e-7,"z":-5.429901648312807e-7},"rotation":{"x":0.2799869179725647,"y":-0.011926953680813313,"z":0.003577869851142168,"w":0.9599708914756775},"size":11.639881134033204,"orthographic":false}