{"cameraMode":{"drawMode":0,"name":"Shaded","section":"Shading Mode"},"sceneLighting":false,"audioPlay":false,"sceneViewState":{"m_AlwaysRefresh":false,"showFog":true,"showSkybox":false,"showFlares":true,"showImageEffects":true,"showParticleSystems":true,"showVisualEffectGraphs":true,"m_FxEnabled":true},"in2DMode":false,"pivot":{"x":28.509605407714845,"y":-2.6618871688842775,"z":10.035795211791993},"rotation":{"x":0.06612609326839447,"y":-0.9221643209457398,"z":0.1824454665184021,"w":0.33471164107322695},"size":9.361698150634766,"orthographic":false}